<?xml version="1.0" encoding="UTF-8"?>
<project-private xmlns="http://www.netbeans.org/ns/project-private/1">
    <editor-bookmarks xmlns="http://www.netbeans.org/ns/editor-bookmarks/2" lastBookmarkId="0"/>
    <open-files xmlns="http://www.netbeans.org/ns/projectui-open-files/2">
        <group>
            <file>file:/D:/java编程文件储存/学生贷款系统/src/学生贷款系统/Loading.java</file>
            <file>file:/D:/java编程文件储存/学生贷款系统/src/学生贷款系统/ManagementSystem.java</file>
            <file>file:/D:/java编程文件储存/学生贷款系统/src/学生贷款系统/InformationWindow.java</file>
            <file>file:/D:/java编程文件储存/学生贷款系统/src/学生贷款系统/学生贷款系统.java</file>
        </group>
    </open-files>
</project-private>
